{"cameraMode":{"drawMode":0,"name":"Shaded","section":"Shading Mode"},"sceneLighting":false,"audioPlay":false,"sceneViewState":{"showFog":true,"showMaterialUpdate":false,"showSkybox":true,"showFlares":true,"showImageEffects":true,"showParticleSystems":true},"in2DMode":false,"pivot":{"x":13.482851028442383,"y":-65.54236602783203,"z":42.364532470703128},"rotation":{"x":0.0016673560021445156,"y":0.9378811120986939,"z":-0.34694141149520876,"w":0.004502460360527039},"size":51.29807662963867,"orthographic":false}